,Caller,Assignment group,New Description,Clean_Description,language
6365,jbifdshu jzercpoq,GRP_0,eemw8144234 keine netzwerkverbindung können hergestellt werden keine netzwerkverbindung,eemw keine netzwerkverbindung nnen hergestellt werden keine netzwerkverbindung,de
6370,tqrylspg ijzghqwy,GRP_12,meldung: fehler bei der erneuten verbindungsherstellung von ...: mit \\HostName_579\..... kein zugriff auf server möglich!,meldung fehler bei der erneuten verbindungsherstellung von mit HostName kein zugriff auf server glich,de
6447,ejcylstw gdvzkihe,GRP_0,der netweaver business client 5.0 kann nicht gestartet werden. der netweaver business client 5.0 kann nicht gestartet werden.,der netweaver business client kann nicht gestartet werden der netweaver business client kann nicht gestartet werden,de
6459,wyotidgu nydzrtuw,GRP_0,"keine verbindung zum server, kein zugriff auf laufwerke in germany keine verbindung zum server",keine verbindung zum server kein zugriff auf laufwerke in germany keine verbindung zum server,de
6488,sthqwdpj lpnigfyq,GRP_0,"

received from: sthqwdpj.lpnigfyq@gmail.com

hallo,

seit dem ich mein passwort geändert habe, habe ich keinen zugriff auf die netzlaufwerke.
vpn funktioniert glaube ich nicht richtig.

danke für ihre unterstützung.


mit freundlichen grüßen |  best  zugriff auf netzlaufwerke",hallo seit dem ich mein passwort ge ndert habe habe ich keinen zugriff auf die netzlaufwerke vpn funktioniert glaube ich nicht richtig danke r ihre unterst tzung mit freundlichen gr en best zugriff auf netzlaufwerke,de
6489,nbdljruw axcrspyh,GRP_0,"

received from: nbdljruw.axcrspyh@gmail.com

hallo zusammen,

beim einloggen mit dem password_management_tool password manager, wurde mir das konto erneut gesperrt.
bitte erneut freischalten & ein gültiges password zur anmeldung.
mir war nicht klar welches password ich verwenden soll.

mit freundlichen grüßen / best  login error",hallo zusammen beim einloggen mit dem password management tool password manager wurde mir das konto erneut gesperrt bitte erneut freischalten and ein ltiges password zur anmeldung mir war nicht klar welches password ich verwenden soll mit freundlichen gr en best login error,de
6492,elivbznp tynvpcfk,GRP_0,"hallo
danke für ihre antwort.
ich habe gerade versucht aber es funktioniert nicht.
ich habe versucht mit demselben benutz-namen und password das ich für SID_34 benutz.
ich habe auch mit password daypay3 versucht, wie hbmwlprq ilfvyodx vorgeschlafen hat.
welches passwort sollte ich benutzen?


distinti saluti / mit freundlichen grüßen / best  distributor_tool überblick / schulung",hallo danke r ihre antwort ich habe gerade versucht aber es funktioniert nicht ich habe versucht mit demselben benutz namen und password das ich r SID benutz ich habe auch mit password daypay versucht wie hbmwlprq ilfvyodx vorgeschlafen hat welches passwort sollte ich benutzen distinti saluti mit freundlichen gr en best distributor tool berblick schulung,de
6500,xpugntjv zcaermdt,GRP_24,probleme mit schichtplanung \xpugntjv zcaermdt probleme mit schichtplanung \xpugntjv zcaermdt,probleme mit schichtplanung xpugntjv zcaermdt probleme mit schichtplanung xpugntjv zcaermdt,de
6502,gqhyzpxm ztpomxbe,GRP_0,"wie kann ich die gäste freischalten ?

mit freundlichen grüßen i kind  your company guest account credentials",wie kann ich die ste freischalten mit freundlichen gr en kind your company guest account credentials,de
6512,thnrqxlc yczjdxwk,GRP_42,messsgeraete alkoana pdf datein kann nicht gedureckt warden. pdf datei kann nicht erstellt werden. messsgeraete alkoana pdf datein kann nicht gedureckt werden,messsgeraete alkoana pdf datein kann nicht gedureckt warden pdf datei kann nicht erstellt werden messsgeraete alkoana pdf datein kann nicht gedureckt werden,de
6614,uwncfovt vxjbunfi,GRP_0,"

received from: uwncfovt.vxjbunfi@gmail.com

guten tag,

ganz wichtig! meine kompletten daten!! sind gelöscht! selbst in der cloud wurde der ordner ""vw team"" komplett gelöscht!
bitte den ""vw ordner"" wiederherstellen mit datum von gestern! wenn das geht! ganz wichtig!

mit freundlichen grüßen
uwncfovt vxjbunfi

sales engineer
mail: uwncfovt.vxjbunfi@gmail.com<mailto:uwncfovt.vxjbunfi@gmail.com>

company deutschland gmbh
geschäftsführer: rfwlsoej yvtjzkaw, phvkowml azbtkqwx, naruedlk mpvhakdq


diese mitteilung ist einzig und allein für die nutzung durch den adressaten bestimmt und kann informationen enthalten, die schutzwürdig, vertraulich oder nach geltendem recht von der offenlegung ausgenommen sind. die verbreitung, verteilung oder vervielfältigung dieser mitteilung durch personen, bei denen es sich nicht um die beabsichtigten empfänger handelt, ist streng verboten. wenn diese mitteilung aufgrund eines versehens bei ihnen eingegangen ist, dann benachrichtigen sie bitte den absender und löschen sie diese mitteilung.
[#+company/posts>  [
select the following link to view the disclaimer in an alternate language.  collaboration_platform cloud ordner gelöscht",guten tag ganz wichtig meine kompletten daten sind gel scht selbst in der cloud wurde der ordner vw team komplett gel scht bitte den vw ordner wiederherstellen mit datum von gestern wenn das geht ganz wichtig mit freundlichen gr en uwncfovt vxjbunfi sales engineer mail company deutschland gmbh gesch ftsf hrer rfwlsoej yvtjzkaw phvkowml azbtkqwx naruedlk mpvhakdq diese mitteilung ist einzig und allein r die nutzung durch den adressaten bestimmt und kann informationen enthalten die schutzw rdig vertraulich oder nach geltendem recht von der offenlegung ausgenommen sind die verbreitung verteilung oder vervielf ltigung dieser mitteilung durch personen bei denen es sich nicht um die beabsichtigten empf nger handelt ist streng verboten wenn diese mitteilung aufgrund eines versehens bei ihnen eingegangen ist dann benachrichtigen sie bitte den absender und schen sie diese mitteilung company posts select the following link to view the disclaimer in an alternate language collaboration platform cloud ordner gel scht,de
6624,jywvemun qngschtz,GRP_20,"

received from: jywvemun.qngschtz@gmail.com

erp team,
we need to update the report zpd_upload_time for erp hcm
because of the new 8 digits employee numbers.
please see below.
srgtycha



von: jfcrdavy sxpotjlu
gesendet: dienstag, 23. august 2016 11:10
an: weszfyok fbadnjhu <weszfyok.fbadnjhu@gmail.com>; jywvemun qngschtz <jywvemun.qngschtz@gmail.com>
cc: pesylifc wnyierbu <pesylifc.wnyierbu@gmail.com>; lixwgnto krutnylz <lixwgnto.krutnylz@gmail.com>; puxsvfwr cwkjruni <puxsvfwr.cwkjruni@gmail.com>
betreff: aw: inc1530735 -- comments added

hallo zusammen,

im erp upload-programdntym zpd_upload_time muss die pernr ebenfalls von 6 stellen
auf die max. länge von 8 stellen angepasst werden:
[cid:image001.png@01d1fd2e.708348b0]

bitte entsprechend veranlassen.

mit freundlichen grüßen


jfcrdavy sxpotjlu




diese mitteilung ist einzig und allein für die nutzung durch den adressaten bestimmt und kann informationen enthalten, die schutzwürdig, vertraulich oder nach geltendem recht von der offenlegung ausgenommen sind. die verbreitung, verteilung oder vervielfältigung dieser mitteilung durch personen, bei denen es sich nicht um die beabsichtigten empfänger handelt, ist streng verboten. wenn diese mitteilung aufgrund eines versehens bei ihnen eingegangen ist, dann benachrichtigen sie bitte den absender und löschen sie diese mitteilung.
[#+company/posts>  [
select the following link to view the disclaimer in an alternate language.  erp hcm: zpd_upload_time ",erp team we need to update the report zpd upload time for erp hcm because of the new digits employee numbers please see below srgtycha von jfcrdavy sxpotjlu gesendet dienstag an weszfyok fbadnjhu jywvemun qngschtz pesylifc wnyierbu lixwgnto krutnylz puxsvfwr cwkjruni betreff aw inc comments added hallo zusammen im erp upload programdntym zpd upload time muss die pernr ebenfalls von stellen auf die max nge von stellen angepasst werden bitte entsprechend veranlassen mit freundlichen gr en jfcrdavy sxpotjlu diese mitteilung ist einzig und allein r die nutzung durch den adressaten bestimmt und kann informationen enthalten die schutzw rdig vertraulich oder nach geltendem recht von der offenlegung ausgenommen sind die verbreitung verteilung oder vervielf ltigung dieser mitteilung durch personen bei denen es sich nicht um die beabsichtigten empf nger handelt ist streng verboten wenn diese mitteilung aufgrund eines versehens bei ihnen eingegangen ist dann benachrichtigen sie bitte den absender und schen sie diese mitteilung company posts select the following link to view the disclaimer in an alternate language erp hcm zpd upload time,de
6627,djilqgmw bidchqsg,GRP_12,"datenbanken lassen sich noch nicht öffnen
habe pc zuvor neugestartet fehler wie gehabt  - inplant_852536",datenbanken lassen sich noch nicht ffnen habe pc zuvor neugestartet fehler wie gehabt inplant,de
6628,tiefszyh sfujdlgv,GRP_0,zugriff auf betriebsmittedatenbank ce_cs funktioniert nicht!!! zugriff auf betriebsmittedatenbank ce_cs funktioniert nicht!!!,zugriff auf betriebsmittedatenbank ce cs funktioniert nicht zugriff auf betriebsmittedatenbank ce cs funktioniert nicht,de
6631,ndkrcxjb hpormqtx,GRP_42,"bitte den def. monitor von der lüftungssteuerung im heizraum tauschen. 
kontakt : rössler christgrytian -189 def. montitor wechseln",bitte den def monitor von der ftungssteuerung im heizraum tauschen kontakt ssler christgrytian def montitor wechseln,de
6637,mhvbnqri sacvgzxf,GRP_33,r216 maus defekt r216 maus defekt,r maus defekt maus defekt,de
6638,jcgzqndm hukibzqa,GRP_33,pc an reinecker wzs60 wahrscheinlich defekt. maschine steht. pc an reinecker wzs60 wahrscheinlich defekt. maschine steht.,pc an reinecker wzs wahrscheinlich defekt maschine steht pc an reinecker wzs wahrscheinlich defekt maschine steht,de
6641,ijsptgkh giojsnqz,GRP_33,drucker geht nach tonerwechsel nicht mehr drucker geht nach tonerwechsel nicht mehr,drucker geht nach tonerwechsel nicht mehr drucker geht nach tonerwechsel nicht mehr,de
6643,niptbwdq csenjruz,GRP_24,lüfter defekt \rechner für videoüberwachung lüfter defekt \rechner für videoüberwachung,l fter defekt rechner r video berwachung fter defekt rechner r video berwachung,de
6646,wrcktgbd wzrgyunp,GRP_24,setup rechner ewew8323869 \wrcktgbd wzrgyunp setup rechner ewew8323869 \wrcktgbd wzrgyunp,setup rechner ewew wrcktgbd wzrgyunp setup rechner ewew wrcktgbd wzrgyunp,de
6647,qidgvtwa qvbutayx,GRP_24,"hallo herr bghakch,
ich benötige netzwerkkabel für den teleservice bei roboworker.
benötigt werden 3x 10m und 3x 5m die dauerhaft angeschlossen bleiben.

 ich benötige netzwerkkabel für den teleservice bei roboworker.",hallo herr bghakch ich ben tige netzwerkkabel r den teleservice bei roboworker ben tigt werden und die dauerhaft angeschlossen bleiben ich ben tige netzwerkkabel r den teleservice bei roboworker,de
6648,puxsvfwr cwkjruni,GRP_24,probleme mit lan ín beschprechungsraum \puxsvfwr cwkjruni probleme mit lan ín beschprechungsraum \puxsvfwr cwkjruni,probleme mit lan beschprechungsraum puxsvfwr cwkjruni probleme mit lan beschprechungsraum puxsvfwr cwkjruni,de
6670,zxopwyak zrbfkimx,GRP_33,"pc defekt, ist selbstständig runter gefahren und lässt sich nicht mehr starten.
bitte um erledigung durch m. himghtmelreich ksem / wzs60 / m1 (m07.15360)",pc defekt ist selbstst ndig runter gefahren und sst sich nicht mehr starten bitte um erledigung durch himghtmelreich ksem wzs m,de
6718,fmhlugqk dpraethi,GRP_0,"

received from: fmhlugqk.dpraethi@gmail.com

hallo meine herren,

ich kann unsere vpn nicht benutzen.
folgende fehlermeldungen habe ich bekommen:

2mal kommt diese:
[cid:image001.png@01d1fc9a.c5af05c0]

bei dritte probieren:
[cid:image002.png@01d1fc9a.c5af05c0]

benutzername und kennwort war in ordnung.
bitte es kontrollieren und lösen.

danke

üdvözlettel / mit freundlichen grüßen / best  probleme mit vpn client",hallo meine herren ich kann unsere vpn nicht benutzen folgende fehlermeldungen habe ich bekommen mal kommt diese bei dritte probieren benutzername und kennwort war in ordnung bitte es kontrollieren und sen danke dv zlettel mit freundlichen gr en best probleme mit vpn client,de
6770,ltxzfcgm sxvigclz,GRP_52,"bitte einen arbeitszeitplan erstellen für die mitarbeiterin rnibmcve xukajlvg, pers.-nr. 58678938:
sollarbeitszeit/woche:   17,5 stunden
arbeitstage:   dienstag, donnerstag, samstag
start: 13.09.2016 bitte einen arbeitszeitplan erstellen für die mitarbeiterin rnibmcve xukajlvg, pers.-nr. 58938",bitte einen arbeitszeitplan erstellen r die mitarbeiterin rnibmcve xukajlvg pers nr sollarbeitszeit woche stunden arbeitstage dienstag donnerstag samstag start bitte einen arbeitszeitplan erstellen r die mitarbeiterin rnibmcve xukajlvg pers nr,de
6780,wfbkucds qaxhbois,GRP_0,freigabe durch hr. grergtger zugriffsrechte auf den ordner ce-teamleiter,freigabe durch hr grergtger zugriffsrechte auf den ordner ce teamleiter,de
6781,pjrhqkne ewruqyds,GRP_12,"t: +49
please set back this document to status 01.06.2016
m:\dispo\avfertigungszeiten\arbeitsplaner-arbeitssteuerer\te-beschichtung\te-für schneidplatten\te - sk-pvd beschichten auf metaplasanlage .xls
 set back document ",t please set back this document to status dispo avfertigungszeiten arbeitsplaner arbeitssteuerer te beschichtung te r schneidplatten te sk pvd beschichten auf metaplasanlage xls set back document,de
6789,pxsghrjd wiehqmka,GRP_32,"sehr geehrte damen und herren,

können sie mich bitte zu den edi bestellungen der ksb ag kurz anrufen?


freundliche grüße / kind  edi bestellungen der ksb ag",sehr geehrte damen und herren nnen sie mich bitte zu den edi bestellungen der ksb ag kurz anrufen freundliche gr kind edi bestellungen der ksb ag,de
6798,puxsvfwr cwkjruni,GRP_24,drucker funktioniert nicht \puxsvfwr cwkjruni drucker funktioniert nicht \puxsvfwr cwkjruni,drucker funktioniert nicht puxsvfwr cwkjruni drucker funktioniert nicht puxsvfwr cwkjruni,de
6803,wtxvqngf nxjivlmr,GRP_12,"bitte scghhnellstmöglich persönliches laufwerk ""adelhmk"" wiederherstellen. 

personal drive ""adelhmk"" unavailable after server migration persönliches laufwerk ""adelhmk"" nicht mehr verfügbar nach servermigration",bitte scghhnellstm glich pers nliches laufwerk adelhmk wiederherstellen personal drive adelhmk unavailable after server migration pers nliches laufwerk adelhmk nicht mehr verf gbar nach servermigration,de
6807,fdqjsygx aivdjqtr,GRP_12,"

received from: fdqjsygx.aivdjqtr@gmail.com

hallo,

beim scannen findet der drucker em 96 die voreingestellte adresse nicht.

mit freundlichen grüßen / best  drucker findet scan-adresse nicht",hallo beim scannen findet der drucker em die voreingestellte adresse nicht mit freundlichen gr en best drucker findet scan adresse nicht,de
6812,soldfnbq uhnbsvqd,GRP_0,"

received from: soldfnbq.uhnbsvqd@gmail.com

hallo,

ich kann keinen exel-anhang öffnen, auch nicht wenn ich diesen speicher und dann öffne.
[cid:image001.png@01d1fc59.bf242140]

mit freundlichen grüßen/ best  öffnen von exel_anhängen ( 0043 664 4688892)",hallo ich kann keinen exel anhang ffnen auch nicht wenn ich diesen speicher und dann ffne mit freundlichen gr en best ffnen von exel anh ngen,de
6828,frzjtmyk wzacvhki,GRP_33,bildschirm im rückmeldeterminal 6 (gegenüber kln-reinigungsanlage) defekt. bildschirm im rückmeldeterminal 6 (gegenüber kln-reinigungsanlage) defekt.,bildschirm im ckmeldeterminal gegen ber kln reinigungsanlage defekt bildschirm im ckmeldeterminal gegen ber kln reinigungsanlage defekt,de
6836,tiefszyh sfujdlgv,GRP_12,wegen file-server austausch kein zugriff auf datenbank möglich!!  eemw8144361; eemw8144255; eemw8144362 bitte hr. sudghnthdra mit kontaktieren. eilig!!!! wegen file-server austausch kein zugriff auf datenbank möglich!!  ,wegen file server austausch kein zugriff auf datenbank glich eemw eemw eemw bitte hr sudghnthdra mit kontaktieren eilig wegen file server austausch kein zugriff auf datenbank glich,de
6837,djilqgmw bidchqsg,GRP_12,"kein zugriff von abteilung ce abstech eemw8144218 auf  datenbanken: betap_profil, betapdachform, betapfasen.  kontakt: sudghnthdra kein zugriff von abteilung ce abstech eemw8144218 auf  datenbanken: betap_profil, betapdachform, betapfasen",kein zugriff von abteilung ce abstech eemw auf datenbanken betap profil betapdachform betapfasen kontakt sudghnthdra kein zugriff von abteilung ce abstech eemw auf datenbanken betap profil betapdachform betapfasen,de
6978,niptbwdq csenjruz,GRP_24,support für osterwalder \niptbwdq csenjruz support für osterwalder \niptbwdq csenjruz,support r osterwalder niptbwdq csenjruz support r osterwalder niptbwdq csenjruz,de
7095,egklxsoy hivwzjcf,GRP_34,mitarbeiter reichenberg philipp benötigt berechtigung für den ordner file:///m:\ce_leiter mitarbeiter reichenberg philipp benötigt berechtigung für den ordner file:///m:\ce_leiter,mitarbeiter reichenberg philipp ben tigt berechtigung r den ordner file ce leiter mitarbeiter reichenberg philipp ben tigt berechtigung r den ordner file ce leiter,de
7098,frzjtmyk wzacvhki,GRP_33,drucker an messmaschine r173 in halle b hat ständig papierstau. drucker an messmaschine r173 in halle b hat ständig papierstau.,drucker an messmaschine in halle hat st ndig papierstau drucker an messmaschine in halle hat st ndig papierstau,de
7109,shkwgxln ikpvtjgn,GRP_28,"netzteil an der docking station ohne funktion.

ext : 673
 netzteil an der docking station ohne funktion.",netzteil an der docking station ohne funktion ext netzteil an der docking station ohne funktion,de
7110,mnakehrf mvunqihf,GRP_0,"

received from: mnakehrf.mvunqihf@gmail.com

guten tag,
the hub lässt sich an meinem rechner nicht öffnen.
der bildschirm ""baut"" sich nicht auf. einige wenige male funktioniert es.
auf anderen rechnern funktioniert es. browserproblem?

[cid:image001.png@01d1f935.373777e0]




mit freundlichen grüßen

mnakehrf mvunqihf
analyst payroll
mnakehrf.mvunqihf@gmail.com<mailto:mnakehrf.mvunqihf@gmail.com>

geschäftsführer: phvkowml azbtkqwx, naruedlk mpvhakdq
 browserproblem mit hub ",guten tag the hub sst sich an meinem rechner nicht ffnen der bildschirm baut sich nicht auf einige wenige male funktioniert es auf anderen rechnern funktioniert es browserproblem mit freundlichen gr en mnakehrf mvunqihf analyst payroll gesch ftsf hrer phvkowml azbtkqwx naruedlk mpvhakdq browserproblem mit hub,de
7113,ZkBogxib QsEJzdZO,GRP_9,"received from: monitoring_tool@company.com

 abended job in job_scheduler: Job_1338 at 08/18/16 02:54:34 abended job in job_scheduler: Job_1338",abended job in job scheduler Job at abended job in job scheduler Job,de
7116,ZkBogxib QsEJzdZO,GRP_9,"received from: monitoring_tool@company.com

 abended job in job_scheduler: Job_1332 at 08/18/16 02:51:35 abended job in job_scheduler: Job_1332",abended job in job scheduler Job at abended job in job scheduler Job,de
7118,xmlbfjpg yegzbvru,GRP_24,"wireless access point prüfen geb.14 ,geb16 und konferenzraum geb.2 \xmlbfjpg yegzbvru wireless access point prüfen geb.14 ,geb16 und konferenzraum geb.2 \xmlbfjpg yegzbvru",wireless access point pr fen geb geb und konferenzraum geb xmlbfjpg yegzbvru wireless access point pr fen geb geb und konferenzraum geb xmlbfjpg yegzbvru,de
7123,ozphysqw pgcmwqze,GRP_33,"fehlermeldung ""failed to connect to server"". lt. kollegen in der sk-presserei ist die pc-nummer aber richtig, und der pc wurde auch nicht ausgetauscht oder erneuert. danke! vnc-zugriff auf empwx000189 (sk-presserei germany) geht nicht mehr",fehlermeldung failed to connect to server lt kollegen in der sk presserei ist die pc nummer aber richtig und der pc wurde auch nicht ausgetauscht oder erneuert danke vnc zugriff auf empwx sk presserei germany geht nicht mehr,de
7133,ZkBogxib QsEJzdZO,GRP_9,"received from: monitoring_tool@company.com

 abended job in job_scheduler: Job_1141 at 08/17/16 23:45:30 abended job in job_scheduler: Job_1141",abended job in job scheduler Job at abended job in job scheduler Job,de
7193,ZkBogxib QsEJzdZO,GRP_47,"received from: monitoring_tool@company.com

 abended job in job_scheduler: Job_1853 at 08/17/16 09:18:31 abended job in job_scheduler: Job_1853",abended job in job scheduler Job at abended job in job scheduler Job,de
7223,bejvhsfx dmvsclhp,GRP_25,"bitte die maschine precimat 1 nr.2468 wieder freischalten.
ja ,unter azm bitte precimat nr.2468 freischalten",bitte die maschine precimat nr wieder freischalten ja unter azm bitte precimat nr freischalten,de
7230,ZkBogxib QsEJzdZO,GRP_9,"received from: monitoring_tool@company.com

 abended job in job_scheduler: Job_1142 at 08/17/16 06:12:30 abended job in job_scheduler: Job_1142",abended job in job scheduler Job at abended job in job scheduler Job,de
7236,jxlekivs fwakmztv,GRP_0,"

received from: jxlekivs.fwakmztv@gmail.com

hallo,

die server verbindung in lic ist gestört, es kann nicht in erp gebucht werden. können sie sich des problems annehmen, danke.

mit freundlichen grüßen / best  server probleme",hallo die server verbindung in lic ist gest rt es kann nicht in erp gebucht werden nnen sie sich des problems annehmen danke mit freundlichen gr en best server probleme,de
7248,zslugaxq dtwlrofu,GRP_24,"
bei frau gödde ist der drucker nicht i.o..

1. wenn sie etwas scannt, ist der scan grün
2. sie kann nichts ausdrucken. der drucker springt zwar an aber es kommt nichts raus.
 probleme mit scanner und drucker \zslugaxq dtwlrofu",bei frau dde ist der drucker nicht o wenn sie etwas scannt ist der scan gr sie kann nichts ausdrucken der drucker springt zwar an aber es kommt nichts raus probleme mit scanner und drucker zslugaxq dtwlrofu,de
7254,wxstfouy isjzcotm,GRP_24,"leider kann ich mich nicht an meinem rechner anmelden. 

fehlermeldung: "" die verstrauensstellung zwischen dieser arbeitsstation und der primären domäne konnte nicht hergestellt werden""
 probleme mit anmelden.  \wxstfouy isjzcotm",leider kann ich mich nicht an meinem rechner anmelden fehlermeldung die verstrauensstellung zwischen dieser arbeitsstation und der prim ren dom ne konnte nicht hergestellt werden probleme mit anmelden wxstfouy isjzcotm,de
7257,dknzygjt bscvykei,GRP_46,"engineering_drawing_tool lädt keine zeichnungsrahmen, es kommt die meldung aus dem anhang engineering_drawing_tool rahmen kann nicht geladen werden",engineering drawing tool dt keine zeichnungsrahmen es kommt die meldung aus dem anhang engineering drawing tool rahmen kann nicht geladen werden,de
7278,arkmtcig adpsrxjc,GRP_25,"im EU_tool lassen sich keine azm-meldungen eintragen

in EU_tool, azm messages can not be registered. keine azm-meldungen möglich",im EU tool lassen sich keine azm meldungen eintragen in EU tool azm messages can not be registered keine azm meldungen glich,de
7294,jctnelqs lansuiwe,GRP_33,"

received from: jctnelqs.lansuiwe@gmail.com

verehrte damen und herren,

an meinem festnetztelefon ist seit geraumer zeit die anzeige im display nur noch unvollständig erkennbar.
mehrere waagerechte linien machen die anzeige unlesbar.

meine telefonnummer lautet 09279/80-155.

bitte um abhilfe.

mit freundlichem gruß

jctnelqs lansuiwe
quality assurance
jctnelqs.lansuiwe@gmail.com<mailto:jctnelqs.lansuiwe@gmail.com>
 problem mit festnetztelefon",verehrte damen und herren an meinem festnetztelefon ist seit geraumer zeit die anzeige im display nur noch unvollst ndig erkennbar mehrere waagerechte linien machen die anzeige unlesbar meine telefonnummer lautet bitte um abhilfe mit freundlichem gru jctnelqs lansuiwe quality assurance problem mit festnetztelefon,de
7350,frzjtmyk wzacvhki,GRP_33,tastatur an r246 und r247 defekt. bitte austauschen. (einzelne tasten funktionieren nicht mehr) tastatur an r246 und r247 defekt.,tastatur an und defekt bitte austauschen einzelne tasten funktionieren nicht mehr tastatur an und defekt,de
7353,ZkBogxib QsEJzdZO,GRP_6,"received from: monitoring_tool@company.com

 abended job in job_scheduler: Job_1953b at 08/16/16 12:26:27 abended job in job_scheduler: Job_1953b",abended job in job scheduler Job at abended job in job scheduler Job b,de
7399,ahlqgjwx wbsfavhg,GRP_24,install ie11 \ahlqgjwx wbsfavhg install ie11 \ahlqgjwx wbsfavhg,install ie ahlqgjwx wbsfavhg install ie ahlqgjwx wbsfavhg,de
7404,xmlbfjpg yegzbvru,GRP_24,probleme mit öffnen von dokumenten im intranet mit internet explorer . \xmlbfjpg yegzbvru probleme mit öffnen von dokumenten im intranet mit internet explorer . \xmlbfjpg yegzbvru,probleme mit ffnen von dokumenten im intranet mit internet explorer xmlbfjpg yegzbvru probleme mit ffnen von dokumenten im intranet mit internet explorer xmlbfjpg yegzbvru,de
7415,zkgfcyvx sgxeatyb,GRP_0,"

received from: zkgfcyvx.sgxeatyb@gmail.com
 danke


diese mitteilung ist einzig und allein für die nutzung durch den adressaten bestimmt und kann informationen enthalten, die schutzwürdig, vertraulich oder nach geltendem recht von der offenlegung ausgenommen sind. die verbreitung, verteilung oder vervielfältigung dieser mitteilung durch personen, bei denen es sich nicht um die beabsichtigten empfänger handelt, ist streng verboten. wenn diese mitteilung aufgrund eines versehens bei ihnen eingegangen ist, dann benachrichtigen sie bitte den absender und löschen sie diese mitteilung.
[#+company/posts>  [
select the following link to view the disclaimer in an alternate language.  bitte um ein ruckruf",danke diese mitteilung ist einzig und allein r die nutzung durch den adressaten bestimmt und kann informationen enthalten die schutzw rdig vertraulich oder nach geltendem recht von der offenlegung ausgenommen sind die verbreitung verteilung oder vervielf ltigung dieser mitteilung durch personen bei denen es sich nicht um die beabsichtigten empf nger handelt ist streng verboten wenn diese mitteilung aufgrund eines versehens bei ihnen eingegangen ist dann benachrichtigen sie bitte den absender und schen sie diese mitteilung company posts select the following link to view the disclaimer in an alternate language bitte um ein ruckruf,de
7418,pmweoxyq zrkjnydi,GRP_0,"hallo herr busse,

würden sie dies bitte via ticket an die it schicken bzw. an 

help@company.com



mit freundlichen grüßen / best  berechtigung zeitwirtschaft av",hallo herr busse rden sie dies bitte via ticket an die it schicken bzw an mit freundlichen gr en best berechtigung zeitwirtschaft av,de
7431,trgqbeax hfyzudql,GRP_0,"

received from: trgqbeax.hfyzudql@gmail.com

[cid:image001.png@01d1f7b0.223a83e0]


leider ist das feld ""von"" abhanden gekommen ☹




danke + viele grüße
trgqbeax hfyzudql

mit freundlichen grüßen |  best  email-anzeige",leider ist das feld von abhanden gekommen danke viele gr trgqbeax hfyzudql mit freundlichen gr en best email anzeige,de
7436,hgufmidr mfobkyun,GRP_10,siehe beigefügte e-mail nicht gebuchte anzahlungsrechnungen company 5417 - vfx3 -,siehe beigef gte mail nicht gebuchte anzahlungsrechnungen company vfx,de
7444,qvncizuf ueiybanz,GRP_24,support für umzug \qvncizuf ueiybanz support für umzug \qvncizuf ueiybanz,support r umzug qvncizuf ueiybanz support r umzug qvncizuf ueiybanz,de
7450,ptuchwad yzvrlcqa,GRP_0,"

received from: ptuchwad.yzvrlcqa@gmail.com

hallo

kann auf rechner outlook nicht starten und crm synchronisiert stundenlang
dadurch werden auch andere dinge geblockt ( engineering_tool z.b.)

bitte um hilfe - sitze am rechner



mit freundlichen grüssen
-uwe schröck
technische beratung und verkauf
ptuchwad.yzvrlcqa@gmail.com<mailto:ptuchwad.yzvrlcqa@gmail.com>
mobil 0175 4356 741<tel:0175%204356%20741>

company deutschland gmbh / max-planck-straße 13 / d-61381 germany /www.company.com<

company deutschland gmbh
geschäftsführer: rfwlsoej yvtjzkaw, harald männlein
sitz der gesellschaft: germany/hgermany – registergerirtcht: bad homburg/hgermany  hrb 7492




diese mitteilung ist einzig und allein für die nutzung durch den adressaten bestimmt und kann informationen enthalten, die schutzwürdig, vertraulich oder nach geltendem recht von der offenlegung ausgenommen sind. die verbreitung, verteilung oder vervielfältigung dieser mitteilung durch personen, bei denen es sich nicht um die beabsichtigten empfänger handelt, ist streng verboten. wenn diese mitteilung aufgrund eines versehens bei ihnen eingegangen ist, dann benachrichtigen sie bitte den absender und löschen sie diese mitteilung.
[#+company/posts>  [
select the following link to view the disclaimer in an alternate language.  problem mit start in outlook",hallo kann auf rechner outlook nicht starten und crm synchronisiert stundenlang dadurch werden auch andere dinge geblockt engineering tool b bitte um hilfe sitze am rechner mit freundlichen gr ssen uwe schr ck technische beratung und verkauf mobil tel company deutschland gmbh max planck stra d germany www company com company deutschland gmbh gesch ftsf hrer rfwlsoej yvtjzkaw harald nnlein sitz der gesellschaft germany hgermany registergerirtcht bad homburg hgermany hrb diese mitteilung ist einzig und allein r die nutzung durch den adressaten bestimmt und kann informationen enthalten die schutzw rdig vertraulich oder nach geltendem recht von der offenlegung ausgenommen sind die verbreitung verteilung oder vervielf ltigung dieser mitteilung durch personen bei denen es sich nicht um die beabsichtigten empf nger handelt ist streng verboten wenn diese mitteilung aufgrund eines versehens bei ihnen eingegangen ist dann benachrichtigen sie bitte den absender und schen sie diese mitteilung company posts select the following link to view the disclaimer in an alternate language problem mit start in outlook,de
7474,zxopwyak zrbfkimx,GRP_33,"programdntyme lassen sich teilweise nicht öffnen, mal nach der festplatte schauen, 
bitte um erledigung durch m. himghtmelreich (EU_tool   rep. nr,:39788) r173 schneeberger cnc nr.20123 / wza",programdntyme lassen sich teilweise nicht ffnen mal nach der festplatte schauen bitte um erledigung durch himghtmelreich EU tool rep nr schneeberger cnc nr wza,de
7478,ZkBogxib QsEJzdZO,GRP_29,"received from: monitoring_tool@company.com

 abended job in job_scheduler: Job_2827 at 08/15/16 16:07:32 abended job in job_scheduler: Job_2827",abended job in job scheduler Job at abended job in job scheduler Job,de
7512,jdynzuim uapkdvgr,GRP_49,"hallo frthdyui,
passwortänderung in der as-400 hat nicht geklappt. bitte um deine hilfe. lieben dank im voraus-gruß petrghada :-) it-germany-h. kruse / as-400-passwortänderung fehlgeschlagen",hallo frthdyui passwort nderung in der as hat nicht geklappt bitte um deine hilfe lieben dank im voraus gru petrghada it germany kruse as passwort nderung fehlgeschlagen,de
7555,gusyjcer lvbxfimr,GRP_0,aenderungsantrag kann nicht geloescht werden. aenderungsantrag kann nicht geloescht werden.,aenderungsantrag kann nicht geloescht werden aenderungsantrag kann nicht geloescht werden,de
7562,wjzvabrl bmcfrlyz,GRP_24,"moin ,

kannst du bitte das passwort freischalten. benutzer we212772 wurde das passwort 
gesperrt. bitte das passwort auf welcome setzen.

 probleme mit EU_tool rechner \ we212772 ",moin kannst du bitte das passwort freischalten benutzer we wurde das passwort gesperrt bitte das passwort auf welcome setzen probleme mit EU tool rechner we,de
7574,cytohwau qfunricw,GRP_33,"von: cytohwau qfunricw 
gesendet: donnerstag, 11. august 2016 15:23
an: nwfodmhc exurcwkm
betreff: pc ewkw8111185/ qdxyifhj zbwtunpy

pc ewkw8111185 funktioniert nicht (pc lässt sich anschalten, danach ist kein arbeiten am pc möglich, auch mit anderer tastatur versucht, keine änderung)


mit freundlichen grüßen
cytohwau qfunricw
grinding service germany
cytohwau.qfunricw@gmail.com
 pc ewkw8111185 funktioniert nicht (pc lässt sich anschalten",von cytohwau qfunricw gesendet donnerstag an nwfodmhc exurcwkm betreff pc ewkw qdxyifhj zbwtunpy pc ewkw funktioniert nicht pc sst sich anschalten danach ist kein arbeiten am pc glich auch mit anderer tastatur versucht keine nderung mit freundlichen gr en cytohwau qfunricw grinding service germany pc ewkw funktioniert nicht pc sst sich anschalten,de
7598,xbyudksw zbfxlmus,GRP_0,"hallo, ist es möglich das ich office365 von englisch auf deutsch umstelle? wenn ja wo finde ich diese einstellung?

wenn ich die videos von ""lets talk""  in deutsch ansehen möchte und diese über den link in der email anklicke sagt er mir:

office 365 video isn't available 

office 365 video is not enabled by your organization for you. 

hier ein link:

vielen dank für ihre hilfe office 365 sprache ändern/ videos aus ""thehub"" funktionieren nicht.",hallo ist es glich das ich office von englisch auf deutsch umstelle wenn ja wo finde ich diese einstellung wenn ich die videos von lets talk in deutsch ansehen chte und diese ber den link in der email anklicke sagt er mir office video isn available office video is not enabled by your organization for you hier ein link vielen dank r ihre hilfe office sprache ndern videos aus thehub funktionieren nicht,de
7718,tblmnxez ulcmryaf,GRP_33,"durchwahl -477
mobilteil gigaset sl2
lautsprecher / mikrofon kratzen bzw. setzten zeitweise aus mobiltelefon lautsprecher / mikrofon defekt / gestört",durchwahl mobilteil gigaset sl lautsprecher mikrofon kratzen bzw setzten zeitweise aus mobiltelefon lautsprecher mikrofon defekt gest rt,de
7740,ZkBogxib QsEJzdZO,GRP_6,"received from: monitoring_tool@company.com

 abended job in job_scheduler: Job_1623 at 08/11/16 18:26:27 abended job in job_scheduler: Job_1623",abended job in job scheduler Job at abended job in job scheduler Job,de
7743,ZkBogxib QsEJzdZO,GRP_6,"received from: monitoring_tool@company.com

 abended job in job_scheduler: Job_1493 at 08/11/16 18:22:27 abended job in job_scheduler: Job_1493",abended job in job scheduler Job at abended job in job scheduler Job,de
7744,ZkBogxib QsEJzdZO,GRP_9,"received from: monitoring_tool@company.com

 abended job in job_scheduler: Job_2114 at 08/11/16 17:32:26 abended job in job_scheduler: Job_2114",abended job in job scheduler Job at abended job in job scheduler Job,de
7753,jftsvazy ypqmliwa,GRP_0,"ot01 aufträge funktionieren, ot03 aufträge lassen sich nicht bearbeiten ( beim ausliefern) erp produktion hängt bei ot03 aufträgen",ot auftr ge funktionieren ot auftr ge lassen sich nicht bearbeiten beim ausliefern erp produktion ngt bei ot auftr gen,de
7792,mvwiygou rpkscnlv,GRP_42,"bitte an smpijawb eawkpgqf weiterleiten:
nachdem das alicona messgerät umgestellt wurde, muss der pc für sdnemlwy dsbmgonk aufgebaut werden (apl vor juchaomy gaxrulwo - av abstechprogramdntym).
soll termin bis 26.august
mitarbeiterin kommt am 29.august zurück pc aufstellen",bitte an smpijawb eawkpgqf weiterleiten nachdem das alicona messger umgestellt wurde muss der pc r sdnemlwy dsbmgonk aufgebaut werden apl vor juchaomy gaxrulwo av abstechprogramdntym soll termin bis mitarbeiterin kommt am zur ck pc aufstellen,de
7793,mvwiygou rpkscnlv,GRP_42,"bitte an smpijawb eawkpgqf weiterleiten:
alicona messgerät muss von av abstechprogramdntym in halle 4 (ehem. ventilstößel kontrolle) umgestellt werden.
soll termin in kw 33 arbeitsplatz umziehen",bitte an smpijawb eawkpgqf weiterleiten alicona messger muss von av abstechprogramdntym in halle ehem ventilst el kontrolle umgestellt werden soll termin in kw arbeitsplatz umziehen,de
7805,zlnxswvp ptmzsbhk,GRP_0,"from: zlnxswvp ptmzsbhk 
sent: thursday, august 11, 2016 11:58 am
to: nwfodmhc exurcwkm
subject: sab : wg: skype lässt sich nicht starten

bitte um unterstützung 

freundliche gruesse / kind  skype funktionert nicht.",zlnxswvp ptmzsbhk am nwfodmhc exurcwkm sab wg skype sst sich nicht starten bitte um unterst tzung freundliche gruesse kind skype funktionert nicht,de
7807,weszfyok fbadnjhu,GRP_25,"

received from: weszfyok.fbadnjhu@gmail.com

hallo,

es gibt anscheinend probleme bei der übertragung von stempelzeiten ( EU_tool / erp ) bei 8-stelligen personalnummern ( siehe unten )

freundliche grüße
weszfyok fbadnjhu


von: axesnghb cyzuomxa
gesendet: donnerstag, 28. juli 2016 12:17
an: zslugaxq dtwlrofu; laeusvjo fvaihgpx
cc: weszfyok fbadnjhu
betreff: leihmitarbeiter lochthowe, andre, 21111177


hallo zusammen,

seit dem 21.07.2016  stempelt herr lochthowe mit seiner karte in EU_tool .

seit dem zeitpunkt werden die daten nicht an erp übertragen.

hier stimmt etwas nicht mit der  karten- nr.  oder der stammnummer.

wir haben hier den ersten mitarbeiter mit einer  achtstelligen stammnummer.

kann es daran liegen ????

bitte  mal prüfen.



mit freundlichen grüßen
best  datenübertragung",hallo es gibt anscheinend probleme bei der bertragung von stempelzeiten EU tool erp bei stelligen personalnummern siehe unten freundliche gr weszfyok fbadnjhu von axesnghb cyzuomxa gesendet donnerstag juli an zslugaxq dtwlrofu laeusvjo fvaihgpx weszfyok fbadnjhu betreff leihmitarbeiter lochthowe andre hallo zusammen seit dem stempelt herr lochthowe mit seiner karte in EU tool seit dem zeitpunkt werden die daten nicht an erp bertragen hier stimmt etwas nicht mit der karten nr oder der stammnummer wir haben hier den ersten mitarbeiter mit einer achtstelligen stammnummer kann es daran liegen bitte mal pr fen mit freundlichen gr en best daten bertragung,de
7818,szfaidhy sivyugjd,GRP_33,"wegen ein sicherheitsupdate kb4272050 sind keine netzwerkverbindung moeglich.

fehlermeldung : keine netzwerk verbinung. wegen ein sicherheitsupdate kb4272050 sind keine netzwerkverbindung moeglich",wegen ein sicherheitsupdate kb sind keine netzwerkverbindung moeglich fehlermeldung keine netzwerk verbinung wegen ein sicherheitsupdate kb sind keine netzwerkverbindung moeglich,de
7821,bfjnyqhe wqhuvlfb,GRP_0,es kann keine auftrag gedruckt werden. ziehe fehler.  orders can not be printed.,es kann keine auftrag gedruckt werden ziehe fehler orders can not be printed,de
7832,ludhvmro okdbwcsu,GRP_14,"wir haben hier in koenigsee probleme mit dem druck aus erp. es kommt ein ""production_order_interface_app"" fehler.
 wir haben hier in koenigsee probleme mit dem druck aus erp. es kommt ein ""production_order_interface_app"" fehler.",wir haben hier in koenigsee probleme mit dem druck aus erp es kommt ein production order interface app fehler wir haben hier in koenigsee probleme mit dem druck aus erp es kommt ein production order interface app fehler,de
7833,gsnuhpji qpyfctwl,GRP_33,"

received from: gsnuhpji.qpyfctwl@gmail.com

es wird nichts mehr ausgedruckt
fehlermeldung
[cid:image001.png@01d1f3ba.6428d800]

mit freundlichen grüßen / best  error drucker",es wird nichts mehr ausgedruckt fehlermeldung mit freundlichen gr en best error drucker,de
7906,cwrikael oanmsecr,GRP_0,"EU_tool funktioniert nicht.
meldung : unbekannten fehler . system distributor_tool fehler. EU_tool funktioniert nicht.",EU tool funktioniert nicht meldung unbekannten fehler system distributor tool fehler EU tool funktioniert nicht,de
7931,giumxwvh lfvwjtin,GRP_28,"

received from: giumxwvh.lfvwjtin@gmail.com

hallo help-team,

ich habe das problem, dass wenn ich nach versendeten emails suche über die suche nach namen kommt folgende fehlermeldung.
es kommen immer nur vorschläge bis zum 03.02.2016
bitte prüfen und rückinfo.
vielen dank
[cid:image002.jpg@01d1f2f7.35b19750]

mit freundlichen grüßen/ kind  outlock suche ",hallo help team ich habe das problem dass wenn ich nach versendeten emails suche ber die suche nach namen kommt folgende fehlermeldung es kommen immer nur vorschl ge bis zum bitte pr fen und ckinfo vielen dank mit freundlichen gr en kind outlock suche,de
7932,ZkBogxib QsEJzdZO,GRP_8,"received from: monitoring_tool@company.com

 abended job in job_scheduler: Job_3182 at 08/10/16 05:01:27 abended job in job_scheduler: Job_3182",abended job in job scheduler Job at abended job in job scheduler Job,de
7948,gasbfqvp fmvqgjih,GRP_0,"das passwort wurde meinerseits falsch eingegeben. bitte passwort zurücksetzen (engineering tool und erp). danke
 engineering tool",das passwort wurde meinerseits falsch eingegeben bitte passwort zur cksetzen engineering tool und erp danke engineering tool,de
7963,ZkBogxib QsEJzdZO,GRP_8,"received from: monitoring_tool@company.com

 abended job in job_scheduler: SID_51hotf at 08/09/16 23:03:27 abended job in job_scheduler: SID_51hotf",abended job in job scheduler SID hotf at abended job in job scheduler SID hotf,de
8033,trgqbeax hfyzudql,GRP_12,"

received from: trgqbeax.hfyzudql@gmail.com

please restore from august 5th 2016

westes$(\\HostName_598<file:///\\HostName_598>) / betriebliche regelungen und bv / bv / anlage 2a bv bonus im ad fy17.docx




danke + viele grüße
trgqbeax hfyzudql

mit freundlichen grüßen |  best  restore",please restore from westes HostName file HostName betriebliche regelungen und bv bv anlage bv bonus im ad fy docx danke viele gr trgqbeax hfyzudql mit freundlichen gr en best restore,de
8070,wfbkucds qaxhbois,GRP_42,bitte austauschen bildschirm am kyocera arbeitsplatz defekt,bitte austauschen bildschirm am kyocera arbeitsplatz defekt,de
8103,tvmlrwkz rsxftjep,GRP_32,"

received from: tvmlrwkz.rsxftjep@gmail.com

hallo zusammen,

siehe nachstehenden email schriftverkehr, bitte scghhnellstens beheben.
danke.



mit freundlichen grüßen / best  wg: [ticket#2016080878000153] wg: po#4505612440",hallo zusammen siehe nachstehenden email schriftverkehr bitte scghhnellstens beheben danke mit freundlichen gr en best wg ticket wg po,de
8105,zxopwyak zrbfkimx,GRP_33,"bitte an wzs 60 (wza, m14, m12.18990) bios so ändern das nach netz reset der rechner selbstständig startet.
bitte um erledigung durch m. himghtmelreich. bios einstellung",bitte an wzs wza bios so ndern das nach netz reset der rechner selbstst ndig startet bitte um erledigung durch himghtmelreich bios einstellung,de
8110,ZkBogxib QsEJzdZO,GRP_9,"received from: monitoring_tool@company.com

 abended job in job_scheduler: Job_1142 at 08/09/16 00:07:26 abended job in job_scheduler: Job_1142",abended job in job scheduler Job at abended job in job scheduler Job,de
8203,xosdfhbu gtbfkisl,GRP_24,probleme mit rechner ewew8323531 \defekte fp sektoren \xosdfhbu gtbfkisl probleme mit rechner ewew8323531 \defekte fp sektoren \xosdfhbu gtbfkisl,probleme mit rechner ewew defekte fp sektoren xosdfhbu gtbfkisl probleme mit rechner ewew defekte fp sektoren xosdfhbu gtbfkisl,de
8230,jywvemun qngschtz,GRP_28,"

received from: jywvemun.qngschtz@gmail.com

team, anbei ein investmentantrag für einen neuen rechner/laptop für mnakehrf mvunqihf

mit freundlichen grüßen / best  investment antrag mnakehrf mvunqihf - new laptop request - mnakehrf mvunqihf",team anbei ein investmentantrag r einen neuen rechner laptop r mnakehrf mvunqihf mit freundlichen gr en best investment antrag mnakehrf mvunqihf new laptop request mnakehrf mvunqihf,de
8231,ZkBogxib QsEJzdZO,GRP_8,"received from: monitoring_tool@company.com

 abended job in job_scheduler: Job_3181 at 08/08/16 05:01:29 abended job in job_scheduler: Job_3181",abended job in job scheduler Job at abended job in job scheduler Job,de
8232,nizholae bjnqikym,GRP_0,"stepfhryhan needs access to below collaboration_platform links. 

urlaubsplanung (file://efdl9221150/users/linnes/collaboration_platform%20-%20company%20inc-/fy16%20teamordner%20linnemann/urlaubsplanung) 
3p pläne (file://efdl9221150/users/linnes/collaboration_platform%20-%20company%20inc-/fy16%20teamordner%20linnemann/3p%20pl%e4ne) 

allgemeines (file://efdl9221150/users/linnes/collaboration_platform%20-%20company%20inc-/fy16%20teamordner%20linnemann/allgemeines) 
berirtchtswesen gebiet nord (file://efdl9221150/users/linnes/collaboration_platform%20-%20company%20inc-/fy16%20teamordner%20linnemann/berirtchtswesen%20gebiet%20nord) 

crm teamordner (file://efdl9221150/users/linnes/collaboration_platform%20-%20company%20inc-/fy16%20teamordner%20linnemann/crm%20teamordner) 

teamcall teammeeting (file://efdl9221150/users/linnes/collaboration_platform%20-%20company%20inc-/fy16%20teamordner%20linnemann/teamcall%20teammeeting) 

top 5 projekte (file://efdl9221150/users/linnes/collaboration_platform%20-%20company%20inc-/fy16%20teamordner%20linnemann/top%205%20projekte) 



hallo sabrthy,
 
wie weit sind wir in diesem thema? habe noch kein ticket erhalten…
 
mit freundlichen grüßen
nizholae bjnqikym
anwendungstechniker i application engineer
nizholae.bjnqikym@gmail.com

company deutschland gmbh
 
 


diese mitteilung ist einzig und allein für die nutzung durch den adressaten bestimmt und kann informationen enthalten, die schutzwürdig, vertraulich oder nach geltendem recht von der offenlegung ausgenommen sind. die verbreitung, verteilung oder vervielfältigung dieser mitteilung durch personen, bei denen es sich nicht um die beabsichtigten empfänger handelt, ist streng verboten. wenn diese mitteilung aufgrund eines versehens bei ihnen eingegangen ist, dann benachrichtigen sie bitte den absender und löschen sie diese mitteilung. 
        
select the following link to view the disclaimer in an alternate language. 
 
von: nizholae bjnqikym 
gesendet: donnerstag, 21. juli 2016 12:16
an: aorthyme rnsuipbk <aorthyme.rnsuipbk@gmail.com>
betreff: aw: no access to netweaver.
 
danke sabrthy…
 
mit freundlichen grüßen
nizholae bjnqikym
anwendungstechniker i application engineer
nizholae.bjnqikym@gmail.com
 
 


diese mitteilung ist einzig und allein für die nutzung durch den adressaten bestimmt und kann informationen enthalten, die schutzwürdig, vertraulich oder nach geltendem recht von der offenlegung ausgenommen sind. die verbreitung, verteilung oder vervielfältigung dieser mitteilung durch personen, bei denen es sich nicht um die beabsichtigten empfänger handelt, ist streng verboten. wenn diese mitteilung aufgrund eines versehens bei ihnen eingegangen ist, dann benachrichtigen sie bitte den absender und löschen sie diese mitteilung. 
        
select the following link to view the disclaimer in an alternate language. 
 
von: aorthyme rnsuipbk 
gesendet: donnerstag, 21. juli 2016 12:03
an: nizholae bjnqikym <nizholae.bjnqikym@gmail.com>
betreff: re: no access to netweaver.
 
hallo stepfhryhan,
 
das nimmt ein bisschen zeit. ich erfasse ein ticket dazu.
 
 
warm  stepfhryhan needs access to below collaboration_platform links. ",stepfhryhan needs access to below collaboration platform links urlaubsplanung file efdl users linnes collaboration platform company inc fy teamordner linnemann urlaubsplanung pl ne file efdl users linnes collaboration platform company inc fy teamordner linnemann pl ene allgemeines file efdl users linnes collaboration platform company inc fy teamordner linnemann allgemeines berirtchtswesen gebiet nord file efdl users linnes collaboration platform company inc fy teamordner linnemann berirtchtswesen gebiet nord crm teamordner file efdl users linnes collaboration platform company inc fy teamordner linnemann crm teamordner teamcall teammeeting file efdl users linnes collaboration platform company inc fy teamordner linnemann teamcall teammeeting top projekte file efdl users linnes collaboration platform company inc fy teamordner linnemann top projekte hallo sabrthy wie weit sind wir in diesem thema habe noch kein ticket erhalten mit freundlichen gr en nizholae bjnqikym anwendungstechniker application engineer company deutschland gmbh diese mitteilung ist einzig und allein r die nutzung durch den adressaten bestimmt und kann informationen enthalten die schutzw rdig vertraulich oder nach geltendem recht von der offenlegung ausgenommen sind die verbreitung verteilung oder vervielf ltigung dieser mitteilung durch personen bei denen es sich nicht um die beabsichtigten empf nger handelt ist streng verboten wenn diese mitteilung aufgrund eines versehens bei ihnen eingegangen ist dann benachrichtigen sie bitte den absender und schen sie diese mitteilung select the following link to view the disclaimer in an alternate language von nizholae bjnqikym gesendet donnerstag juli an aorthyme rnsuipbk betreff aw no access to netweaver danke sabrthy mit freundlichen gr en nizholae bjnqikym anwendungstechniker application engineer diese mitteilung ist einzig und allein r die nutzung durch den adressaten bestimmt und kann informationen enthalten die schutzw rdig vertraulich oder nach geltendem recht von der offenlegung ausgenommen sind die verbreitung verteilung oder vervielf ltigung dieser mitteilung durch personen bei denen es sich nicht um die beabsichtigten empf nger handelt ist streng verboten wenn diese mitteilung aufgrund eines versehens bei ihnen eingegangen ist dann benachrichtigen sie bitte den absender und schen sie diese mitteilung select the following link to view the disclaimer in an alternate language von aorthyme rnsuipbk gesendet donnerstag juli an nizholae bjnqikym betreff re no access to netweaver hallo stepfhryhan das nimmt ein bisschen zeit ich erfasse ein ticket dazu warm stepfhryhan needs access to below collaboration platform links,de
8238,bejvhsfx dmvsclhp,GRP_24,probleme mit drucker in löwe uacyltoe hxgayczeraum\reinhard kröger probleme mit drucker in löwe uacyltoe hxgayczeraum\reinhard kröger,probleme mit drucker in we uacyltoe hxgayczeraum reinhard kr ger probleme mit drucker in we uacyltoe hxgayczeraum reinhard kr ger,de
8290,ZkBogxib QsEJzdZO,GRP_9,"received from: monitoring_tool@company.com

 abended job in job_scheduler: Job_1315 at 08/07/16 00:38:26 abended job in job_scheduler: Job_1315",abended job in job scheduler Job at abended job in job scheduler Job,de
8383,bmhrsxlf ukatbwyi,GRP_0,benefits issue benefits issue,benefits issue benefits issue,de
8397,sjxhcyrq iupxtjcf,GRP_0,security error in reisekosten abrechnungs programdnty security error in reisekosten abrechnungs programdnty,security error in reisekosten abrechnungs programdnty security error in reisekosten abrechnungs programdnty,de
8414,niptbwdq csenjruz,GRP_24,langsamer rechner \überprüfung \niptbwdq csenjruz langsamer rechner \überprüfung \niptbwdq csenjruz,langsamer rechner berpr fung niptbwdq csenjruz langsamer rechner berpr fung niptbwdq csenjruz,de
8420,ptvdxwla tlevwmzo,GRP_33,"mobiltelefon gigaset m2 professional mit der durchwahl 479 
akku  ( defekt hält nicht mehr länger wie 1 tag ) 
display ( kann man kaum noch was erkennen )
clip defekt.
 mobiltelefon defekt",mobiltelefon gigaset professional mit der durchwahl akku defekt lt nicht mehr nger wie tag display kann man kaum noch was erkennen clip defekt mobiltelefon defekt,de
8425,wfbkucds qaxhbois,GRP_0,ich weiß mein erp passwort nicht mehr und habe 3 fehlversuche eingegeben. bitte zurücksetzen. ich kann mein erp passwort nicht zurück setzten.,ich wei mein erp passwort nicht mehr und habe fehlversuche eingegeben bitte zur cksetzen ich kann mein erp passwort nicht zur ck setzten,de
8439,kiqrvwat gwkpxzyt,GRP_33,der drucker steht am platz von wckrxovs aunsgzmd der drucker für die ups-lapels druckt nicht richtig. ,der drucker steht am platz von wckrxovs aunsgzmd der drucker r die ups lapels druckt nicht richtig,de
8499,kqvbrspl jyzoklfx,GRP_49,an mehreren pc`s lassen sich verschiedene prgramdntyme nicht öffnen. bereich cnc. an mehreren pc`s lassen sich verschiedene prgramdntyme nicht öffnen. ,an mehreren pc lassen sich verschiedene prgramdntyme nicht ffnen bereich cnc an mehreren pc lassen sich verschiedene prgramdntyme nicht ffnen,de
